{"pugazh": [34, 0], "pu": [34, 0], "pugazhenthi": [34, 0], "time": [35, 1609443725.1954575], "banana": [20, 1609497689.911407]}
